Model,R2,MSE,MAE,RMSE
Random Forest,0.906274925709079,31.858653030436663,2.9210799365909095,5.6443469976992615
Gradient Boosting,0.9163620166277988,28.429889360765266,3.0071444856447673,5.331968619634334
KNN,0.38119652529540426,210.34120638250582,11.189445381818182,14.503144706666406
SVR,0.07541659255959954,314.2807002095482,15.393192047150013,17.727963791974197
ANN (Simple),0.07565117832022561,314.2009607544428,15.922506965290415,17.72571467542121
ANN (Deep + Dropout),0.013583087866634647,335.2988982379051,16.368155470761387,18.31116867482535
